scenario,trial,expected_rule,intensity,fired,detected
normal,0,,1.08,,False
normal,1,,1.046,,False
normal,2,,1.076,,False
normal,3,,0.971,,False
normal,4,,0.865,,False
normal,5,,0.816,,False
normal,6,,0.923,,False
normal,7,,0.787,,False
normal,8,,0.865,,False
normal,9,,1.006,,False
normal,10,,1.037,,False
normal,11,,0.98,,False
normal,12,,0.973,,False
normal,13,,0.956,,False
normal,14,,1.034,,False
normal,15,,1.165,,False
normal,16,,1.179,,False
normal,17,,1.153,,False
normal,18,,1.062,,False
normal,19,,1.153,,False
normal,20,,1.148,,False
normal,21,,0.86,,False
normal,22,,1.16,,False
normal,23,,1.158,,False
normal,24,,1.19,,False
normal,25,,0.83,,False
normal,26,,1.218,,False
normal,27,,1.218,,False
normal,28,,0.814,,False
normal,29,,1.069,,False
normal,30,,1.075,,False
normal,31,,0.802,,False
normal,32,,0.875,,False
normal,33,,1.099,,False
normal,34,,1.174,,False
normal,35,,1.021,,False
normal,36,,0.864,,False
normal,37,,0.9,,False
normal,38,,0.857,,False
normal,39,,0.945,,False
normal,40,,0.805,,False
normal,41,,0.945,,False
normal,42,,1.214,,False
normal,43,,1.065,,False
normal,44,,0.878,,False
normal,45,,0.893,,False
normal,46,,1.179,,False
normal,47,,1.09,,False
normal,48,,1.115,,False
normal,49,,0.789,,False
speeding,0,excessive-speeding,1.049,excessive-speeding,True
speeding,1,excessive-speeding,0.875,excessive-speeding,True
speeding,2,excessive-speeding,1.007,excessive-speeding,True
speeding,3,excessive-speeding,0.8,excessive-speeding,True
speeding,4,excessive-speeding,0.857,excessive-speeding,True
speeding,5,excessive-speeding,0.912,excessive-speeding,True
speeding,6,excessive-speeding,0.901,excessive-speeding,True
speeding,7,excessive-speeding,0.845,excessive-speeding,True
speeding,8,excessive-speeding,0.864,excessive-speeding,True
speeding,9,excessive-speeding,0.962,excessive-speeding,True
speeding,10,excessive-speeding,1.024,excessive-speeding,True
speeding,11,excessive-speeding,0.82,excessive-speeding,True
speeding,12,excessive-speeding,1.149,excessive-speeding,True
speeding,13,excessive-speeding,0.928,excessive-speeding,True
speeding,14,excessive-speeding,0.805,excessive-speeding,True
speeding,15,excessive-speeding,1.197,excessive-speeding,True
speeding,16,excessive-speeding,1.09,excessive-speeding,True
speeding,17,excessive-speeding,0.812,excessive-speeding,True
speeding,18,excessive-speeding,0.98,excessive-speeding,True
speeding,19,excessive-speeding,1.097,excessive-speeding,True
speeding,20,excessive-speeding,1.184,excessive-speeding,True
speeding,21,excessive-speeding,1.072,excessive-speeding,True
speeding,22,excessive-speeding,1.217,excessive-speeding,True
speeding,23,excessive-speeding,0.887,excessive-speeding,True
speeding,24,excessive-speeding,0.886,excessive-speeding,True
speeding,25,excessive-speeding,0.857,excessive-speeding,True
speeding,26,excessive-speeding,0.984,excessive-speeding,True
speeding,27,excessive-speeding,1.229,excessive-speeding,True
speeding,28,excessive-speeding,0.875,excessive-speeding,True
speeding,29,excessive-speeding,0.988,excessive-speeding,True
speeding,30,excessive-speeding,0.834,excessive-speeding,True
speeding,31,excessive-speeding,0.851,excessive-speeding,True
speeding,32,excessive-speeding,1.082,excessive-speeding,True
speeding,33,excessive-speeding,1.173,excessive-speeding,True
speeding,34,excessive-speeding,0.906,excessive-speeding,True
speeding,35,excessive-speeding,1.097,excessive-speeding,True
speeding,36,excessive-speeding,1.002,excessive-speeding,True
speeding,37,excessive-speeding,1.22,excessive-speeding,True
speeding,38,excessive-speeding,1.24,excessive-speeding,True
speeding,39,excessive-speeding,0.983,excessive-speeding,True
speeding,40,excessive-speeding,1.241,excessive-speeding,True
speeding,41,excessive-speeding,1.046,excessive-speeding,True
speeding,42,excessive-speeding,0.889,excessive-speeding,True
speeding,43,excessive-speeding,0.902,excessive-speeding,True
speeding,44,excessive-speeding,0.859,excessive-speeding,True
speeding,45,excessive-speeding,1.154,excessive-speeding,True
speeding,46,excessive-speeding,0.996,excessive-speeding,True
speeding,47,excessive-speeding,0.869,excessive-speeding,True
speeding,48,excessive-speeding,1.174,excessive-speeding,True
speeding,49,excessive-speeding,1.004,excessive-speeding,True
harsh_accel,0,harsh-acceleration,1.198,harsh-acceleration,True
harsh_accel,1,harsh-acceleration,1.114,harsh-acceleration,True
harsh_accel,2,harsh-acceleration,1.188,harsh-acceleration,True
harsh_accel,3,harsh-acceleration,1.026,harsh-acceleration,True
harsh_accel,4,harsh-acceleration,0.784,harsh-acceleration,True
harsh_accel,5,harsh-acceleration,1.039,harsh-acceleration,True
harsh_accel,6,harsh-acceleration,1.221,harsh-acceleration,True
harsh_accel,7,harsh-acceleration,0.828,harsh-acceleration,True
harsh_accel,8,harsh-acceleration,0.848,harsh-acceleration,True
harsh_accel,9,harsh-acceleration,1.24,harsh-acceleration,True
harsh_accel,10,harsh-acceleration,0.875,harsh-acceleration,True
harsh_accel,11,harsh-acceleration,1.061,harsh-acceleration,True
harsh_accel,12,harsh-acceleration,1.149,harsh-acceleration,True
harsh_accel,13,harsh-acceleration,0.913,harsh-acceleration,True
harsh_accel,14,harsh-acceleration,1.111,harsh-acceleration,True
harsh_accel,15,harsh-acceleration,0.804,harsh-acceleration,True
harsh_accel,16,harsh-acceleration,1.245,harsh-acceleration,True
harsh_accel,17,harsh-acceleration,1.045,harsh-acceleration,True
harsh_accel,18,harsh-acceleration,0.822,harsh-acceleration,True
harsh_accel,19,harsh-acceleration,1.185,harsh-acceleration,True
harsh_accel,20,harsh-acceleration,1.184,harsh-acceleration,True
harsh_accel,21,harsh-acceleration,0.99,harsh-acceleration,True
harsh_accel,22,harsh-acceleration,1.107,harsh-acceleration,True
harsh_accel,23,harsh-acceleration,1.121,harsh-acceleration,True
harsh_accel,24,harsh-acceleration,1.126,harsh-acceleration,True
harsh_accel,25,harsh-acceleration,0.904,harsh-acceleration,True
harsh_accel,26,harsh-acceleration,1.078,harsh-acceleration,True
harsh_accel,27,harsh-acceleration,1.058,harsh-acceleration,True
harsh_accel,28,harsh-acceleration,0.872,harsh-acceleration,True
harsh_accel,29,harsh-acceleration,0.954,harsh-acceleration,True
harsh_accel,30,harsh-acceleration,1.107,harsh-acceleration,True
harsh_accel,31,harsh-acceleration,1.14,harsh-acceleration,True
harsh_accel,32,harsh-acceleration,1.009,harsh-acceleration,True
harsh_accel,33,harsh-acceleration,0.856,harsh-acceleration,True
harsh_accel,34,harsh-acceleration,1.17,harsh-acceleration,True
harsh_accel,35,harsh-acceleration,1.21,harsh-acceleration,True
harsh_accel,36,harsh-acceleration,0.924,harsh-acceleration,True
harsh_accel,37,harsh-acceleration,1.145,harsh-acceleration,True
harsh_accel,38,harsh-acceleration,1.208,harsh-acceleration,True
harsh_accel,39,harsh-acceleration,0.953,harsh-acceleration,True
harsh_accel,40,harsh-acceleration,1.108,harsh-acceleration,True
harsh_accel,41,harsh-acceleration,0.814,harsh-acceleration,True
harsh_accel,42,harsh-acceleration,1.216,harsh-acceleration,True
harsh_accel,43,harsh-acceleration,0.9,harsh-acceleration,True
harsh_accel,44,harsh-acceleration,0.906,harsh-acceleration,True
harsh_accel,45,harsh-acceleration,0.889,harsh-acceleration,True
harsh_accel,46,harsh-acceleration,1.246,harsh-acceleration,True
harsh_accel,47,harsh-acceleration,1.067,harsh-acceleration,True
harsh_accel,48,harsh-acceleration,0.944,harsh-acceleration,True
harsh_accel,49,harsh-acceleration,1.152,harsh-acceleration,True
lane_change,0,abrupt-lane-change,1.22,abrupt-lane-change,True
lane_change,1,abrupt-lane-change,0.997,abrupt-lane-change,True
lane_change,2,abrupt-lane-change,1.175,abrupt-lane-change,True
lane_change,3,abrupt-lane-change,1.178,abrupt-lane-change,True
lane_change,4,abrupt-lane-change,1.013,abrupt-lane-change,True
lane_change,5,abrupt-lane-change,1.175,abrupt-lane-change,True
lane_change,6,abrupt-lane-change,0.96,abrupt-lane-change,True
lane_change,7,abrupt-lane-change,0.81,abrupt-lane-change,True
lane_change,8,abrupt-lane-change,1.09,abrupt-lane-change,True
lane_change,9,abrupt-lane-change,0.852,abrupt-lane-change,True
lane_change,10,abrupt-lane-change,0.918,abrupt-lane-change,True
lane_change,11,abrupt-lane-change,1.132,abrupt-lane-change,True
lane_change,12,abrupt-lane-change,1.001,abrupt-lane-change,True
lane_change,13,abrupt-lane-change,0.903,abrupt-lane-change,True
lane_change,14,abrupt-lane-change,0.854,abrupt-lane-change,True
lane_change,15,abrupt-lane-change,1.162,abrupt-lane-change,True
lane_change,16,abrupt-lane-change,1.162,abrupt-lane-change,True
lane_change,17,abrupt-lane-change,0.912,abrupt-lane-change,True
lane_change,18,abrupt-lane-change,1.241,abrupt-lane-change,True
lane_change,19,abrupt-lane-change,1.174,abrupt-lane-change,True
lane_change,20,abrupt-lane-change,0.975,abrupt-lane-change,True
lane_change,21,abrupt-lane-change,1.215,abrupt-lane-change,True
lane_change,22,abrupt-lane-change,0.897,abrupt-lane-change,True
lane_change,23,abrupt-lane-change,1.121,abrupt-lane-change,True
lane_change,24,abrupt-lane-change,1.032,abrupt-lane-change,True
lane_change,25,abrupt-lane-change,1.166,abrupt-lane-change,True
lane_change,26,abrupt-lane-change,1.231,abrupt-lane-change,True
lane_change,27,abrupt-lane-change,0.968,abrupt-lane-change,True
lane_change,28,abrupt-lane-change,1.196,abrupt-lane-change,True
lane_change,29,abrupt-lane-change,0.813,abrupt-lane-change,True
lane_change,30,abrupt-lane-change,1.066,abrupt-lane-change,True
lane_change,31,abrupt-lane-change,1.221,abrupt-lane-change,True
lane_change,32,abrupt-lane-change,1.061,abrupt-lane-change,True
lane_change,33,abrupt-lane-change,1.217,abrupt-lane-change,True
lane_change,34,abrupt-lane-change,1.099,abrupt-lane-change,True
lane_change,35,abrupt-lane-change,1.127,abrupt-lane-change,True
lane_change,36,abrupt-lane-change,1.016,abrupt-lane-change,True
lane_change,37,abrupt-lane-change,1.165,abrupt-lane-change,True
lane_change,38,abrupt-lane-change,1.128,abrupt-lane-change,True
lane_change,39,abrupt-lane-change,0.867,abrupt-lane-change,True
lane_change,40,abrupt-lane-change,1.103,abrupt-lane-change,True
lane_change,41,abrupt-lane-change,1.19,abrupt-lane-change,True
lane_change,42,abrupt-lane-change,0.968,abrupt-lane-change,True
lane_change,43,abrupt-lane-change,1.142,abrupt-lane-change,True
lane_change,44,abrupt-lane-change,1.183,abrupt-lane-change,True
lane_change,45,abrupt-lane-change,1.001,abrupt-lane-change,True
lane_change,46,abrupt-lane-change,1.177,abrupt-lane-change,True
lane_change,47,abrupt-lane-change,1.236,abrupt-lane-change,True
lane_change,48,abrupt-lane-change,1.04,abrupt-lane-change,True
lane_change,49,abrupt-lane-change,0.929,abrupt-lane-change,True
collision,0,collision-response,1.223,collision-response,True
collision,1,collision-response,1.093,collision-response,True
collision,2,collision-response,0.97,collision-response,True
collision,3,collision-response,1.02,collision-response,True
collision,4,collision-response,0.877,collision-response,True
collision,5,collision-response,0.9,collision-response,True
collision,6,collision-response,0.827,collision-response,True
collision,7,collision-response,1.06,collision-response,True
collision,8,collision-response,1.095,collision-response,True
collision,9,collision-response,1.105,collision-response,True
collision,10,collision-response,1.033,collision-response,True
collision,11,collision-response,0.963,collision-response,True
collision,12,collision-response,0.962,collision-response,True
collision,13,collision-response,0.941,collision-response,True
collision,14,collision-response,1.159,collision-response,True
collision,15,collision-response,0.992,collision-response,True
collision,16,collision-response,0.789,collision-response,True
collision,17,collision-response,1.14,collision-response,True
collision,18,collision-response,1.009,collision-response,True
collision,19,collision-response,0.793,collision-response,True
collision,20,collision-response,1.023,collision-response,True
collision,21,collision-response,1.157,collision-response,True
collision,22,collision-response,0.796,collision-response,True
collision,23,collision-response,1.205,collision-response,True
collision,24,collision-response,0.949,collision-response,True
collision,25,collision-response,0.963,collision-response,True
collision,26,collision-response,1.124,collision-response,True
collision,27,collision-response,0.794,collision-response,True
collision,28,collision-response,1.101,collision-response,True
collision,29,collision-response,0.94,collision-response,True
collision,30,collision-response,0.838,collision-response,True
collision,31,collision-response,1.056,collision-response,True
collision,32,collision-response,0.81,collision-response,True
collision,33,collision-response,1.034,collision-response,True
collision,34,collision-response,1.214,collision-response,True
collision,35,collision-response,0.888,collision-response,True
collision,36,collision-response,1.235,collision-response,True
collision,37,collision-response,1.043,collision-response,True
collision,38,collision-response,0.831,collision-response,True
collision,39,collision-response,0.982,collision-response,True
collision,40,collision-response,1.091,collision-response,True
collision,41,collision-response,0.879,collision-response,True
collision,42,collision-response,1.074,collision-response,True
collision,43,collision-response,1.198,collision-response,True
collision,44,collision-response,1.199,collision-response,True
collision,45,collision-response,1.019,collision-response,True
collision,46,collision-response,1.068,collision-response,True
collision,47,collision-response,1.178,collision-response,True
collision,48,collision-response,1.234,collision-response,True
collision,49,collision-response,0.874,collision-response,True
door_unlock_accel,0,door-unlock-then-accelerate,0.858,door-unlock-then-accelerate|excessive-speeding,True
door_unlock_accel,1,door-unlock-then-accelerate,1.215,door-unlock-then-accelerate|excessive-speeding,True
door_unlock_accel,2,door-unlock-then-accelerate,1.221,door-unlock-then-accelerate|excessive-speeding,True
door_unlock_accel,3,door-unlock-then-accelerate,0.782,door-unlock-then-accelerate|excessive-speeding,True
door_unlock_accel,4,door-unlock-then-accelerate,0.972,door-unlock-then-accelerate|excessive-speeding,True
door_unlock_accel,5,door-unlock-then-accelerate,1.129,door-unlock-then-accelerate|excessive-speeding,True
door_unlock_accel,6,door-unlock-then-accelerate,1.101,door-unlock-then-accelerate|excessive-speeding,True
door_unlock_accel,7,door-unlock-then-accelerate,0.947,door-unlock-then-accelerate|excessive-speeding,True
door_unlock_accel,8,door-unlock-then-accelerate,1.161,door-unlock-then-accelerate|excessive-speeding,True
door_unlock_accel,9,door-unlock-then-accelerate,0.828,door-unlock-then-accelerate|excessive-speeding,True
door_unlock_accel,10,door-unlock-then-accelerate,0.944,door-unlock-then-accelerate|excessive-speeding,True
door_unlock_accel,11,door-unlock-then-accelerate,0.896,door-unlock-then-accelerate|excessive-speeding,True
door_unlock_accel,12,door-unlock-then-accelerate,0.878,door-unlock-then-accelerate|excessive-speeding,True
door_unlock_accel,13,door-unlock-then-accelerate,0.913,door-unlock-then-accelerate|excessive-speeding,True
door_unlock_accel,14,door-unlock-then-accelerate,0.916,door-unlock-then-accelerate|excessive-speeding,True
door_unlock_accel,15,door-unlock-then-accelerate,1.196,door-unlock-then-accelerate|excessive-speeding,True
door_unlock_accel,16,door-unlock-then-accelerate,1.094,door-unlock-then-accelerate|excessive-speeding,True
door_unlock_accel,17,door-unlock-then-accelerate,1.16,door-unlock-then-accelerate|excessive-speeding,True
door_unlock_accel,18,door-unlock-then-accelerate,1.143,door-unlock-then-accelerate|excessive-speeding,True
door_unlock_accel,19,door-unlock-then-accelerate,0.944,door-unlock-then-accelerate|excessive-speeding,True
door_unlock_accel,20,door-unlock-then-accelerate,1.163,door-unlock-then-accelerate|excessive-speeding,True
door_unlock_accel,21,door-unlock-then-accelerate,1.018,door-unlock-then-accelerate|excessive-speeding,True
door_unlock_accel,22,door-unlock-then-accelerate,1.197,door-unlock-then-accelerate|excessive-speeding,True
door_unlock_accel,23,door-unlock-then-accelerate,0.869,door-unlock-then-accelerate|excessive-speeding,True
door_unlock_accel,24,door-unlock-then-accelerate,1.047,door-unlock-then-accelerate|excessive-speeding,True
door_unlock_accel,25,door-unlock-then-accelerate,0.976,door-unlock-then-accelerate|excessive-speeding,True
door_unlock_accel,26,door-unlock-then-accelerate,1.118,door-unlock-then-accelerate|excessive-speeding,True
door_unlock_accel,27,door-unlock-then-accelerate,0.977,door-unlock-then-accelerate|excessive-speeding,True
door_unlock_accel,28,door-unlock-then-accelerate,0.88,door-unlock-then-accelerate|excessive-speeding,True
door_unlock_accel,29,door-unlock-then-accelerate,0.909,door-unlock-then-accelerate|excessive-speeding,True
door_unlock_accel,30,door-unlock-then-accelerate,0.977,door-unlock-then-accelerate|excessive-speeding,True
door_unlock_accel,31,door-unlock-then-accelerate,1.222,door-unlock-then-accelerate|excessive-speeding,True
door_unlock_accel,32,door-unlock-then-accelerate,0.837,door-unlock-then-accelerate|excessive-speeding,True
door_unlock_accel,33,door-unlock-then-accelerate,0.795,door-unlock-then-accelerate|excessive-speeding,True
door_unlock_accel,34,door-unlock-then-accelerate,0.917,door-unlock-then-accelerate|excessive-speeding,True
door_unlock_accel,35,door-unlock-then-accelerate,0.975,door-unlock-then-accelerate|excessive-speeding,True
door_unlock_accel,36,door-unlock-then-accelerate,1.011,door-unlock-then-accelerate|excessive-speeding,True
door_unlock_accel,37,door-unlock-then-accelerate,0.78,door-unlock-then-accelerate|excessive-speeding,True
door_unlock_accel,38,door-unlock-then-accelerate,1.056,door-unlock-then-accelerate|excessive-speeding,True
door_unlock_accel,39,door-unlock-then-accelerate,1.211,door-unlock-then-accelerate|excessive-speeding,True
door_unlock_accel,40,door-unlock-then-accelerate,1.129,door-unlock-then-accelerate|excessive-speeding,True
door_unlock_accel,41,door-unlock-then-accelerate,1.043,door-unlock-then-accelerate|excessive-speeding,True
door_unlock_accel,42,door-unlock-then-accelerate,0.948,door-unlock-then-accelerate|excessive-speeding,True
door_unlock_accel,43,door-unlock-then-accelerate,0.942,door-unlock-then-accelerate|excessive-speeding,True
door_unlock_accel,44,door-unlock-then-accelerate,0.798,door-unlock-then-accelerate|excessive-speeding,True
door_unlock_accel,45,door-unlock-then-accelerate,1.022,door-unlock-then-accelerate|excessive-speeding,True
door_unlock_accel,46,door-unlock-then-accelerate,1.023,door-unlock-then-accelerate|excessive-speeding,True
door_unlock_accel,47,door-unlock-then-accelerate,0.985,door-unlock-then-accelerate|excessive-speeding,True
door_unlock_accel,48,door-unlock-then-accelerate,1.002,door-unlock-then-accelerate|excessive-speeding,True
door_unlock_accel,49,door-unlock-then-accelerate,1.035,door-unlock-then-accelerate|excessive-speeding,True
